,accuracy,precision,recall,f1,roc_auc
LogisticRegression,0.9985952730939612,0.9355203619909502,0.7876190476190477,0.8552223371251293,0.9915102849140585
DecisionTree,1.0,1.0,1.0,1.0,1.0
RandomForest,1.0,1.0,1.0,1.0,1.0
XGBoost,0.9998846117184326,0.9990281827016521,0.979047619047619,0.9889369889369889,0.9999962150113706
LightGBM,1.0,1.0,1.0,1.0,1.0
CatBoost,0.9995434637555374,0.9202453987730062,1.0,0.9584664536741214,0.9999522553464766
Best_Tuned,1.0,1.0,1.0,1.0,1.0
Voting,1.0,1.0,1.0,1.0,1.0
Stacking,1.0,1.0,1.0,1.0,1.0
SMOTE,0.9999949831181927,0.9990485252140818,1.0,0.9995240361732508,0.9999999951967149
